Sexo;Sección;Edad (grupos quinquenales);Total
Ambos Sexos;0801901001;Total;1.255
Ambos Sexos;0801901002;Total;1.582
Ambos Sexos;0801901003;Total;3.433
Ambos Sexos;0801901004;Total;2.889
Ambos Sexos;0801901005;Total;2.486
Ambos Sexos;0801901006;Total;1.656
Ambos Sexos;0801901007;Total;2.082
Ambos Sexos;0801901008;Total;3.300
Ambos Sexos;0801901009;Total;2.159
Ambos Sexos;0801901010;Total;2.490
Ambos Sexos;0801901011;Total;3.218
Ambos Sexos;0801901012;Total;1.895
Ambos Sexos;0801901013;Total;1.398
Ambos Sexos;0801901014;Total;1.992
Ambos Sexos;0801901015;Total;2.346
Ambos Sexos;0801901016;Total;2.202
Ambos Sexos;0801901017;Total;2.603
Ambos Sexos;0801901018;Total;1.650
Ambos Sexos;0801901019;Total;2.850
Ambos Sexos;0801901020;Total;2.113
Ambos Sexos;0801901021;Total;2.009
Ambos Sexos;0801901022;Total;1.254
Ambos Sexos;0801901023;Total;1.964
Ambos Sexos;0801901025;Total;1.247
Ambos Sexos;0801901026;Total;2.622
Ambos Sexos;0801901027;Total;1.645
Ambos Sexos;0801901028;Total;1.853
Ambos Sexos;0801901029;Total;1.396
Ambos Sexos;0801901030;Total;2.475
Ambos Sexos;0801901031;Total;1.606
Ambos Sexos;0801901032;Total;1.757
Ambos Sexos;0801901033;Total;1.132
Ambos Sexos;0801901034;Total;962
Ambos Sexos;0801901035;Total;1.321
Ambos Sexos;0801901036;Total;1.194
Ambos Sexos;0801901037;Total;1.478
Ambos Sexos;0801901038;Total;1.473
Ambos Sexos;0801901039;Total;1.299
Ambos Sexos;0801901040;Total;1.095
Ambos Sexos;0801901041;Total;1.496
Ambos Sexos;0801901042;Total;1.789
Ambos Sexos;0801901043;Total;1.529
Ambos Sexos;0801901044;Total;1.499
Ambos Sexos;0801901045;Total;1.957
Ambos Sexos;0801901046;Total;1.742
Ambos Sexos;0801901047;Total;1.797
Ambos Sexos;0801901048;Total;2.139
Ambos Sexos;0801901049;Total;1.530
Ambos Sexos;0801901050;Total;1.598
Ambos Sexos;0801901051;Total;1.852
Ambos Sexos;0801901052;Total;2.563
Ambos Sexos;0801901053;Total;1.879
Ambos Sexos;0801901054;Total;1.332
Ambos Sexos;0801901055;Total;1.304
Ambos Sexos;0801902001;Total;1.282
Ambos Sexos;0801902002;Total;2.326
Ambos Sexos;0801902003;Total;1.288
Ambos Sexos;0801902004;Total;1.500
Ambos Sexos;0801902005;Total;2.082
Ambos Sexos;0801902006;Total;1.632
Ambos Sexos;0801902007;Total;1.262
Ambos Sexos;0801902008;Total;1.880
Ambos Sexos;0801902009;Total;1.771
Ambos Sexos;0801902010;Total;1.201
Ambos Sexos;0801902011;Total;1.100
Ambos Sexos;0801902012;Total;1.584
Ambos Sexos;0801902013;Total;1.133
Ambos Sexos;0801902014;Total;1.335
Ambos Sexos;0801902015;Total;1.552
Ambos Sexos;0801902016;Total;1.905
Ambos Sexos;0801902017;Total;1.993
Ambos Sexos;0801902018;Total;1.868
Ambos Sexos;0801902019;Total;1.922
Ambos Sexos;0801902020;Total;1.400
Ambos Sexos;0801902021;Total;1.471
Ambos Sexos;0801902022;Total;1.279
Ambos Sexos;0801902023;Total;1.117
Ambos Sexos;0801902024;Total;1.090
Ambos Sexos;0801902025;Total;1.191
Ambos Sexos;0801902026;Total;2.144
Ambos Sexos;0801902027;Total;1.946
Ambos Sexos;0801902028;Total;2.051
Ambos Sexos;0801902029;Total;1.188
Ambos Sexos;0801902030;Total;1.320
Ambos Sexos;0801902031;Total;1.053
Ambos Sexos;0801902032;Total;1.217
Ambos Sexos;0801902033;Total;1.153
Ambos Sexos;0801902034;Total;1.217
Ambos Sexos;0801902035;Total;1.315
Ambos Sexos;0801902036;Total;1.195
Ambos Sexos;0801902037;Total;1.224
Ambos Sexos;0801902038;Total;1.620
Ambos Sexos;0801902039;Total;1.729
Ambos Sexos;0801902040;Total;1.655
Ambos Sexos;0801902041;Total;1.668
Ambos Sexos;0801902042;Total;1.670
Ambos Sexos;0801902043;Total;1.438
Ambos Sexos;0801902044;Total;1.263
Ambos Sexos;0801902045;Total;1.175
Ambos Sexos;0801902046;Total;1.859
Ambos Sexos;0801902047;Total;1.900
Ambos Sexos;0801902048;Total;1.251
Ambos Sexos;0801902049;Total;2.073
Ambos Sexos;0801902050;Total;1.631
Ambos Sexos;0801902051;Total;1.904
Ambos Sexos;0801902052;Total;1.816
Ambos Sexos;0801902053;Total;1.836
Ambos Sexos;0801902054;Total;1.880
Ambos Sexos;0801902055;Total;1.868
Ambos Sexos;0801902056;Total;1.448
Ambos Sexos;0801902057;Total;1.317
Ambos Sexos;0801902058;Total;1.378
Ambos Sexos;0801902059;Total;1.660
Ambos Sexos;0801902060;Total;1.710
Ambos Sexos;0801902061;Total;1.323
Ambos Sexos;0801902062;Total;1.542
Ambos Sexos;0801902063;Total;1.209
Ambos Sexos;0801902064;Total;1.329
Ambos Sexos;0801902065;Total;1.886
Ambos Sexos;0801902066;Total;1.803
Ambos Sexos;0801902067;Total;1.726
Ambos Sexos;0801902068;Total;1.670
Ambos Sexos;0801902069;Total;1.410
Ambos Sexos;0801902070;Total;1.315
Ambos Sexos;0801902071;Total;1.689
Ambos Sexos;0801902072;Total;1.226
Ambos Sexos;0801902073;Total;1.702
Ambos Sexos;0801902074;Total;1.262
Ambos Sexos;0801902075;Total;1.212
Ambos Sexos;0801902076;Total;1.668
Ambos Sexos;0801902077;Total;1.522
Ambos Sexos;0801902078;Total;1.472
Ambos Sexos;0801902079;Total;1.310
Ambos Sexos;0801902080;Total;1.455
Ambos Sexos;0801902081;Total;2.119
Ambos Sexos;0801902082;Total;953
Ambos Sexos;0801902083;Total;1.868
Ambos Sexos;0801902084;Total;2.022
Ambos Sexos;0801902085;Total;1.480
Ambos Sexos;0801902086;Total;1.468
Ambos Sexos;0801902087;Total;1.444
Ambos Sexos;0801902088;Total;1.625
Ambos Sexos;0801902089;Total;1.911
Ambos Sexos;0801902090;Total;1.678
Ambos Sexos;0801902091;Total;1.832
Ambos Sexos;0801902092;Total;1.997
Ambos Sexos;0801902093;Total;1.606
Ambos Sexos;0801902094;Total;1.416
Ambos Sexos;0801902095;Total;1.532
Ambos Sexos;0801902096;Total;1.409
Ambos Sexos;0801902097;Total;1.117
Ambos Sexos;0801902098;Total;1.533
Ambos Sexos;0801902099;Total;1.546
Ambos Sexos;0801902100;Total;1.421
Ambos Sexos;0801902101;Total;2.156
Ambos Sexos;0801902102;Total;1.420
Ambos Sexos;0801902103;Total;1.697
Ambos Sexos;0801902104;Total;1.157
Ambos Sexos;0801902105;Total;2.085
Ambos Sexos;0801902106;Total;1.442
Ambos Sexos;0801902107;Total;1.626
Ambos Sexos;0801902108;Total;1.638
Ambos Sexos;0801902109;Total;2.026
Ambos Sexos;0801902110;Total;1.922
Ambos Sexos;0801902111;Total;1.761
Ambos Sexos;0801902112;Total;1.377
Ambos Sexos;0801902113;Total;2.149
Ambos Sexos;0801902114;Total;1.672
Ambos Sexos;0801902115;Total;1.356
Ambos Sexos;0801902116;Total;1.067
Ambos Sexos;0801902117;Total;1.204
Ambos Sexos;0801902118;Total;1.493
Ambos Sexos;0801902119;Total;1.306
Ambos Sexos;0801902120;Total;1.204
Ambos Sexos;0801902121;Total;1.228
Ambos Sexos;0801902122;Total;1.092
Ambos Sexos;0801902123;Total;1.149
Ambos Sexos;0801902124;Total;1.087
Ambos Sexos;0801902125;Total;1.721
Ambos Sexos;0801902126;Total;1.479
Ambos Sexos;0801902127;Total;1.181
Ambos Sexos;0801902128;Total;1.305
Ambos Sexos;0801902129;Total;1.536
Ambos Sexos;0801902130;Total;1.147
Ambos Sexos;0801902131;Total;1.237
Ambos Sexos;0801902132;Total;1.169
Ambos Sexos;0801902133;Total;879
Ambos Sexos;0801902134;Total;1.417
Ambos Sexos;0801902135;Total;2.105
Ambos Sexos;0801902136;Total;887
Ambos Sexos;0801902137;Total;1.448
Ambos Sexos;0801902138;Total;1.940
Ambos Sexos;0801902139;Total;1.654
Ambos Sexos;0801902140;Total;1.933
Ambos Sexos;0801902141;Total;1.269
Ambos Sexos;0801902142;Total;2.035
Ambos Sexos;0801902143;Total;1.296
Ambos Sexos;0801902144;Total;1.509
Ambos Sexos;0801902145;Total;1.230
Ambos Sexos;0801902146;Total;1.152
Ambos Sexos;0801902147;Total;2.165
Ambos Sexos;0801902148;Total;1.597
Ambos Sexos;0801902149;Total;1.822
Ambos Sexos;0801902150;Total;1.493
Ambos Sexos;0801902151;Total;1.470
Ambos Sexos;0801902152;Total;1.235
Ambos Sexos;0801902153;Total;1.345
Ambos Sexos;0801902154;Total;1.078
Ambos Sexos;0801902155;Total;1.861
Ambos Sexos;0801902156;Total;1.287
Ambos Sexos;0801902157;Total;1.203
Ambos Sexos;0801902158;Total;1.613
Ambos Sexos;0801902159;Total;1.853
Ambos Sexos;0801902160;Total;2.022
Ambos Sexos;0801902161;Total;1.105
Ambos Sexos;0801902162;Total;1.369
Ambos Sexos;0801902163;Total;1.827
Ambos Sexos;0801902164;Total;1.458
Ambos Sexos;0801902165;Total;1.683
Ambos Sexos;0801902166;Total;2.109
Ambos Sexos;0801902167;Total;2.107
Ambos Sexos;0801902168;Total;2.227
Ambos Sexos;0801902169;Total;1.587
Ambos Sexos;0801902170;Total;1.582
Ambos Sexos;0801902171;Total;1.666
Ambos Sexos;0801902172;Total;1.632
Ambos Sexos;0801902173;Total;1.533
Ambos Sexos;0801903001;Total;1.657
Ambos Sexos;0801903002;Total;2.042
Ambos Sexos;0801903003;Total;1.703
Ambos Sexos;0801903004;Total;1.556
Ambos Sexos;0801903005;Total;1.273
Ambos Sexos;0801903006;Total;1.420
Ambos Sexos;0801903007;Total;1.698
Ambos Sexos;0801903008;Total;1.208
Ambos Sexos;0801903009;Total;1.208
Ambos Sexos;0801903010;Total;1.944
Ambos Sexos;0801903011;Total;1.776
Ambos Sexos;0801903012;Total;2.127
Ambos Sexos;0801903013;Total;1.897
Ambos Sexos;0801903014;Total;1.824
Ambos Sexos;0801903015;Total;2.978
Ambos Sexos;0801903016;Total;1.203
Ambos Sexos;0801903017;Total;1.661
Ambos Sexos;0801903018;Total;1.745
Ambos Sexos;0801903019;Total;1.490
Ambos Sexos;0801903020;Total;1.184
Ambos Sexos;0801903021;Total;1.147
Ambos Sexos;0801903022;Total;1.479
Ambos Sexos;0801903023;Total;1.962
Ambos Sexos;0801903024;Total;2.046
Ambos Sexos;0801903025;Total;1.149
Ambos Sexos;0801903026;Total;1.006
Ambos Sexos;0801903027;Total;1.817
Ambos Sexos;0801903028;Total;2.413
Ambos Sexos;0801903029;Total;1.282
Ambos Sexos;0801903030;Total;1.578
Ambos Sexos;0801903031;Total;2.453
Ambos Sexos;0801903032;Total;1.608
Ambos Sexos;0801903033;Total;1.428
Ambos Sexos;0801903034;Total;1.529
Ambos Sexos;0801903035;Total;2.307
Ambos Sexos;0801903036;Total;2.366
Ambos Sexos;0801903037;Total;1.081
Ambos Sexos;0801903038;Total;1.123
Ambos Sexos;0801903039;Total;2.335
Ambos Sexos;0801903040;Total;1.563
Ambos Sexos;0801903041;Total;1.401
Ambos Sexos;0801903042;Total;1.389
Ambos Sexos;0801903043;Total;1.644
Ambos Sexos;0801903044;Total;1.935
Ambos Sexos;0801903045;Total;1.077
Ambos Sexos;0801903046;Total;1.392
Ambos Sexos;0801903047;Total;1.796
Ambos Sexos;0801903048;Total;1.383
Ambos Sexos;0801903049;Total;1.649
Ambos Sexos;0801903050;Total;1.602
Ambos Sexos;0801903051;Total;1.806
Ambos Sexos;0801903052;Total;1.294
Ambos Sexos;0801903053;Total;2.170
Ambos Sexos;0801903054;Total;1.784
Ambos Sexos;0801903055;Total;1.570
Ambos Sexos;0801903056;Total;850
Ambos Sexos;0801903057;Total;1.540
Ambos Sexos;0801903058;Total;1.355
Ambos Sexos;0801903059;Total;1.209
Ambos Sexos;0801903060;Total;1.334
Ambos Sexos;0801903061;Total;1.069
Ambos Sexos;0801903062;Total;1.654
Ambos Sexos;0801903063;Total;1.261
Ambos Sexos;0801903064;Total;1.308
Ambos Sexos;0801903065;Total;1.390
Ambos Sexos;0801903066;Total;2.324
Ambos Sexos;0801903067;Total;1.747
Ambos Sexos;0801903068;Total;1.155
Ambos Sexos;0801903069;Total;1.184
Ambos Sexos;0801903070;Total;1.246
Ambos Sexos;0801903071;Total;1.261
Ambos Sexos;0801903072;Total;1.399
Ambos Sexos;0801903073;Total;1.632
Ambos Sexos;0801903074;Total;1.773
Ambos Sexos;0801903075;Total;1.643
Ambos Sexos;0801903076;Total;1.006
Ambos Sexos;0801903077;Total;1.299
Ambos Sexos;0801903078;Total;1.678
Ambos Sexos;0801903079;Total;1.803
Ambos Sexos;0801903080;Total;1.530
Ambos Sexos;0801903081;Total;1.847
Ambos Sexos;0801903082;Total;1.854
Ambos Sexos;0801903083;Total;1.352
Ambos Sexos;0801903084;Total;1.437
Ambos Sexos;0801903085;Total;1.227
Ambos Sexos;0801903086;Total;1.257
Ambos Sexos;0801903087;Total;1.503
Ambos Sexos;0801903088;Total;1.423
Ambos Sexos;0801903089;Total;1.226
Ambos Sexos;0801903090;Total;1.053
Ambos Sexos;0801903091;Total;1.417
Ambos Sexos;0801903092;Total;1.221
Ambos Sexos;0801903093;Total;1.534
Ambos Sexos;0801903094;Total;1.140
Ambos Sexos;0801903095;Total;1.629
Ambos Sexos;0801903096;Total;1.542
Ambos Sexos;0801903097;Total;1.637
Ambos Sexos;0801903098;Total;1.374
Ambos Sexos;0801903099;Total;984
Ambos Sexos;0801903100;Total;1.242
Ambos Sexos;0801903101;Total;1.999
Ambos Sexos;0801903102;Total;1.346
Ambos Sexos;0801903103;Total;1.202
Ambos Sexos;0801903104;Total;1.489
Ambos Sexos;0801903105;Total;1.148
Ambos Sexos;0801903106;Total;1.250
Ambos Sexos;0801903107;Total;1.570
Ambos Sexos;0801903108;Total;1.602
Ambos Sexos;0801903109;Total;1.501
Ambos Sexos;0801903110;Total;1.552
Ambos Sexos;0801903111;Total;1.311
Ambos Sexos;0801903112;Total;1.896
Ambos Sexos;0801903113;Total;1.629
Ambos Sexos;0801903114;Total;1.450
Ambos Sexos;0801903211;Total;1.484
Ambos Sexos;0801903212;Total;2.431
Ambos Sexos;0801903213;Total;2.343
Ambos Sexos;0801904001;Total;1.267
Ambos Sexos;0801904002;Total;1.941
Ambos Sexos;0801904003;Total;1.069
Ambos Sexos;0801904004;Total;979
Ambos Sexos;0801904005;Total;1.232
Ambos Sexos;0801904006;Total;1.135
Ambos Sexos;0801904007;Total;1.081
Ambos Sexos;0801904008;Total;988
Ambos Sexos;0801904009;Total;1.415
Ambos Sexos;0801904010;Total;905
Ambos Sexos;0801904011;Total;1.719
Ambos Sexos;0801904012;Total;1.374
Ambos Sexos;0801904013;Total;1.262
Ambos Sexos;0801904014;Total;849
Ambos Sexos;0801904015;Total;1.894
Ambos Sexos;0801904016;Total;1.093
Ambos Sexos;0801904017;Total;1.133
Ambos Sexos;0801904018;Total;1.544
Ambos Sexos;0801904019;Total;1.336
Ambos Sexos;0801904020;Total;1.448
Ambos Sexos;0801904021;Total;1.296
Ambos Sexos;0801904022;Total;1.577
Ambos Sexos;0801904023;Total;1.085
Ambos Sexos;0801904024;Total;1.065
Ambos Sexos;0801904025;Total;1.182
Ambos Sexos;0801904026;Total;1.300
Ambos Sexos;0801904027;Total;1.170
Ambos Sexos;0801904028;Total;1.344
Ambos Sexos;0801904029;Total;1.182
Ambos Sexos;0801904030;Total;1.777
Ambos Sexos;0801904031;Total;1.746
Ambos Sexos;0801904032;Total;1.555
Ambos Sexos;0801904033;Total;1.179
Ambos Sexos;0801904034;Total;1.472
Ambos Sexos;0801904035;Total;1.415
Ambos Sexos;0801904036;Total;1.718
Ambos Sexos;0801904037;Total;2.142
Ambos Sexos;0801904038;Total;1.287
Ambos Sexos;0801904039;Total;1.208
Ambos Sexos;0801904040;Total;1.581
Ambos Sexos;0801904041;Total;1.329
Ambos Sexos;0801904042;Total;1.733
Ambos Sexos;0801904043;Total;1.639
Ambos Sexos;0801904044;Total;1.624
Ambos Sexos;0801904045;Total;1.418
Ambos Sexos;0801904046;Total;2.454
Ambos Sexos;0801904047;Total;1.745
Ambos Sexos;0801904048;Total;1.519
Ambos Sexos;0801904049;Total;1.176
Ambos Sexos;0801904050;Total;2.085
Ambos Sexos;0801904051;Total;1.633
Ambos Sexos;0801904052;Total;2.189
Ambos Sexos;0801904053;Total;1.699
Ambos Sexos;0801904054;Total;1.080
Ambos Sexos;0801904055;Total;1.593
Ambos Sexos;0801904056;Total;1.797
Ambos Sexos;0801904084;Total;1.375
Ambos Sexos;0801905001;Total;1.744
Ambos Sexos;0801905002;Total;1.544
Ambos Sexos;0801905003;Total;1.382
Ambos Sexos;0801905004;Total;1.092
Ambos Sexos;0801905005;Total;1.192
Ambos Sexos;0801905006;Total;1.779
Ambos Sexos;0801905007;Total;1.718
Ambos Sexos;0801905008;Total;1.638
Ambos Sexos;0801905009;Total;1.725
Ambos Sexos;0801905010;Total;1.610
Ambos Sexos;0801905011;Total;1.408
Ambos Sexos;0801905012;Total;1.392
Ambos Sexos;0801905013;Total;1.699
Ambos Sexos;0801905014;Total;1.723
Ambos Sexos;0801905015;Total;1.605
Ambos Sexos;0801905016;Total;1.891
Ambos Sexos;0801905017;Total;1.596
Ambos Sexos;0801905018;Total;1.239
Ambos Sexos;0801905019;Total;1.725
Ambos Sexos;0801905020;Total;1.136
Ambos Sexos;0801905021;Total;1.382
Ambos Sexos;0801905022;Total;1.792
Ambos Sexos;0801905023;Total;1.479
Ambos Sexos;0801905024;Total;1.906
Ambos Sexos;0801905025;Total;1.377
Ambos Sexos;0801905026;Total;1.453
Ambos Sexos;0801905027;Total;1.413
Ambos Sexos;0801905028;Total;1.621
Ambos Sexos;0801905029;Total;1.703
Ambos Sexos;0801905030;Total;1.405
Ambos Sexos;0801905031;Total;1.657
Ambos Sexos;0801905032;Total;1.849
Ambos Sexos;0801905033;Total;1.362
Ambos Sexos;0801905034;Total;1.232
Ambos Sexos;0801905035;Total;1.086
Ambos Sexos;0801905036;Total;1.746
Ambos Sexos;0801905037;Total;1.421
Ambos Sexos;0801905038;Total;1.306
Ambos Sexos;0801905039;Total;1.545
Ambos Sexos;0801905040;Total;1.446
Ambos Sexos;0801905041;Total;1.806
Ambos Sexos;0801905042;Total;1.284
Ambos Sexos;0801905043;Total;1.470
Ambos Sexos;0801905044;Total;1.322
Ambos Sexos;0801905045;Total;1.554
Ambos Sexos;0801905046;Total;1.136
Ambos Sexos;0801905047;Total;1.284
Ambos Sexos;0801905048;Total;1.268
Ambos Sexos;0801905049;Total;1.664
Ambos Sexos;0801905050;Total;1.703
Ambos Sexos;0801905051;Total;1.634
Ambos Sexos;0801905052;Total;1.505
Ambos Sexos;0801905053;Total;1.541
Ambos Sexos;0801905054;Total;1.032
Ambos Sexos;0801905055;Total;1.439
Ambos Sexos;0801905056;Total;1.236
Ambos Sexos;0801905057;Total;1.717
Ambos Sexos;0801905058;Total;1.573
Ambos Sexos;0801905059;Total;1.637
Ambos Sexos;0801905060;Total;1.132
Ambos Sexos;0801905061;Total;1.444
Ambos Sexos;0801905062;Total;1.581
Ambos Sexos;0801905063;Total;1.588
Ambos Sexos;0801905064;Total;1.591
Ambos Sexos;0801905065;Total;1.671
Ambos Sexos;0801905066;Total;1.210
Ambos Sexos;0801905067;Total;1.339
Ambos Sexos;0801905068;Total;1.547
Ambos Sexos;0801905069;Total;1.782
Ambos Sexos;0801905070;Total;1.461
Ambos Sexos;0801905071;Total;1.619
Ambos Sexos;0801905072;Total;1.679
Ambos Sexos;0801905073;Total;1.642
Ambos Sexos;0801905074;Total;1.722
Ambos Sexos;0801905075;Total;1.769
Ambos Sexos;0801905076;Total;1.389
Ambos Sexos;0801905077;Total;1.479
Ambos Sexos;0801905078;Total;2.097
Ambos Sexos;0801905079;Total;1.243
Ambos Sexos;0801905080;Total;1.368
Ambos Sexos;0801905081;Total;1.617
Ambos Sexos;0801905082;Total;1.689
Ambos Sexos;0801905083;Total;1.297
Ambos Sexos;0801905084;Total;1.335
Ambos Sexos;0801905085;Total;1.354
Ambos Sexos;0801905086;Total;1.305
Ambos Sexos;0801905087;Total;1.529
Ambos Sexos;0801905088;Total;1.731
Ambos Sexos;0801905089;Total;1.714
Ambos Sexos;0801905090;Total;1.884
Ambos Sexos;0801905091;Total;1.519
Ambos Sexos;0801905092;Total;1.556
Ambos Sexos;0801905093;Total;1.162
Ambos Sexos;0801905094;Total;2.551
Ambos Sexos;0801905095;Total;1.637
Ambos Sexos;0801905096;Total;1.118
Ambos Sexos;0801905097;Total;1.575
Ambos Sexos;0801905098;Total;1.529
Ambos Sexos;0801906001;Total;1.096
Ambos Sexos;0801906002;Total;1.460
Ambos Sexos;0801906003;Total;2.231
Ambos Sexos;0801906004;Total;1.424
Ambos Sexos;0801906006;Total;998
Ambos Sexos;0801906007;Total;1.947
Ambos Sexos;0801906008;Total;1.938
Ambos Sexos;0801906009;Total;1.205
Ambos Sexos;0801906010;Total;1.055
Ambos Sexos;0801906011;Total;1.297
Ambos Sexos;0801906012;Total;1.108
Ambos Sexos;0801906013;Total;1.729
Ambos Sexos;0801906014;Total;1.374
Ambos Sexos;0801906015;Total;1.390
Ambos Sexos;0801906016;Total;1.584
Ambos Sexos;0801906017;Total;1.335
Ambos Sexos;0801906018;Total;1.293
Ambos Sexos;0801906019;Total;1.491
Ambos Sexos;0801906020;Total;1.120
Ambos Sexos;0801906021;Total;1.339
Ambos Sexos;0801906022;Total;1.338
Ambos Sexos;0801906023;Total;1.355
Ambos Sexos;0801906024;Total;1.642
Ambos Sexos;0801906025;Total;1.410
Ambos Sexos;0801906026;Total;1.005
Ambos Sexos;0801906027;Total;1.192
Ambos Sexos;0801906028;Total;1.322
Ambos Sexos;0801906029;Total;1.221
Ambos Sexos;0801906030;Total;1.335
Ambos Sexos;0801906031;Total;1.096
Ambos Sexos;0801906032;Total;1.154
Ambos Sexos;0801906033;Total;1.298
Ambos Sexos;0801906034;Total;1.279
Ambos Sexos;0801906035;Total;1.013
Ambos Sexos;0801906036;Total;1.442
Ambos Sexos;0801906037;Total;1.125
Ambos Sexos;0801906038;Total;1.477
Ambos Sexos;0801906039;Total;1.602
Ambos Sexos;0801906040;Total;1.625
Ambos Sexos;0801906041;Total;1.714
Ambos Sexos;0801906042;Total;1.761
Ambos Sexos;0801906043;Total;1.304
Ambos Sexos;0801906044;Total;1.480
Ambos Sexos;0801906045;Total;1.313
Ambos Sexos;0801906046;Total;1.141
Ambos Sexos;0801906047;Total;1.675
Ambos Sexos;0801906048;Total;1.383
Ambos Sexos;0801906049;Total;1.124
Ambos Sexos;0801906050;Total;1.252
Ambos Sexos;0801906051;Total;1.322
Ambos Sexos;0801906052;Total;1.565
Ambos Sexos;0801906053;Total;1.468
Ambos Sexos;0801906054;Total;1.624
Ambos Sexos;0801906055;Total;1.415
Ambos Sexos;0801906056;Total;1.575
Ambos Sexos;0801906057;Total;1.499
Ambos Sexos;0801906058;Total;1.594
Ambos Sexos;0801906059;Total;1.490
Ambos Sexos;0801906060;Total;1.781
Ambos Sexos;0801906061;Total;1.341
Ambos Sexos;0801906062;Total;1.310
Ambos Sexos;0801906063;Total;1.542
Ambos Sexos;0801906064;Total;1.927
Ambos Sexos;0801906065;Total;1.208
Ambos Sexos;0801906066;Total;989
Ambos Sexos;0801906067;Total;1.766
Ambos Sexos;0801906068;Total;1.543
Ambos Sexos;0801906069;Total;1.101
Ambos Sexos;0801906070;Total;1.855
Ambos Sexos;0801906071;Total;1.065
Ambos Sexos;0801906072;Total;1.610
Ambos Sexos;0801906073;Total;1.379
Ambos Sexos;0801906074;Total;1.123
Ambos Sexos;0801906075;Total;1.089
Ambos Sexos;0801906076;Total;1.303
Ambos Sexos;0801906077;Total;1.179
Ambos Sexos;0801906078;Total;1.324
Ambos Sexos;0801906079;Total;1.089
Ambos Sexos;0801906080;Total;1.145
Ambos Sexos;0801906081;Total;1.289
Ambos Sexos;0801906082;Total;1.808
Ambos Sexos;0801906083;Total;1.706
Ambos Sexos;0801906084;Total;1.507
Ambos Sexos;0801906085;Total;1.274
Ambos Sexos;0801906086;Total;990
Ambos Sexos;0801906087;Total;1.856
Ambos Sexos;0801906088;Total;1.204
Ambos Sexos;0801907001;Total;1.568
Ambos Sexos;0801907002;Total;1.143
Ambos Sexos;0801907003;Total;1.321
Ambos Sexos;0801907004;Total;1.483
Ambos Sexos;0801907005;Total;1.502
Ambos Sexos;0801907006;Total;946
Ambos Sexos;0801907007;Total;1.402
Ambos Sexos;0801907008;Total;1.437
Ambos Sexos;0801907009;Total;1.188
Ambos Sexos;0801907010;Total;1.316
Ambos Sexos;0801907011;Total;1.132
Ambos Sexos;0801907012;Total;1.600
Ambos Sexos;0801907013;Total;1.222
Ambos Sexos;0801907014;Total;920
Ambos Sexos;0801907015;Total;1.376
Ambos Sexos;0801907016;Total;1.332
Ambos Sexos;0801907017;Total;1.643
Ambos Sexos;0801907018;Total;1.672
Ambos Sexos;0801907019;Total;1.469
Ambos Sexos;0801907020;Total;1.566
Ambos Sexos;0801907021;Total;1.012
Ambos Sexos;0801907022;Total;1.157
Ambos Sexos;0801907023;Total;1.293
Ambos Sexos;0801907024;Total;1.469
Ambos Sexos;0801907025;Total;1.424
Ambos Sexos;0801907026;Total;1.073
Ambos Sexos;0801907027;Total;1.957
Ambos Sexos;0801907028;Total;1.496
Ambos Sexos;0801907029;Total;1.297
Ambos Sexos;0801907030;Total;1.382
Ambos Sexos;0801907031;Total;1.552
Ambos Sexos;0801907032;Total;1.392
Ambos Sexos;0801907033;Total;1.389
Ambos Sexos;0801907034;Total;1.715
Ambos Sexos;0801907035;Total;1.756
Ambos Sexos;0801907036;Total;1.386
Ambos Sexos;0801907037;Total;1.473
Ambos Sexos;0801907038;Total;1.321
Ambos Sexos;0801907039;Total;1.592
Ambos Sexos;0801907040;Total;1.489
Ambos Sexos;0801907041;Total;1.349
Ambos Sexos;0801907042;Total;1.562
Ambos Sexos;0801907043;Total;1.379
Ambos Sexos;0801907044;Total;1.295
Ambos Sexos;0801907045;Total;1.483
Ambos Sexos;0801907046;Total;1.420
Ambos Sexos;0801907047;Total;1.473
Ambos Sexos;0801907048;Total;1.238
Ambos Sexos;0801907049;Total;1.205
Ambos Sexos;0801907050;Total;1.150
Ambos Sexos;0801907051;Total;1.716
Ambos Sexos;0801907052;Total;1.214
Ambos Sexos;0801907053;Total;1.436
Ambos Sexos;0801907054;Total;1.560
Ambos Sexos;0801907055;Total;1.203
Ambos Sexos;0801907056;Total;1.168
Ambos Sexos;0801907057;Total;1.445
Ambos Sexos;0801907058;Total;1.357
Ambos Sexos;0801907059;Total;1.262
Ambos Sexos;0801907060;Total;1.806
Ambos Sexos;0801907061;Total;1.200
Ambos Sexos;0801907062;Total;1.283
Ambos Sexos;0801907063;Total;1.447
Ambos Sexos;0801907064;Total;1.651
Ambos Sexos;0801907065;Total;1.666
Ambos Sexos;0801907066;Total;1.747
Ambos Sexos;0801907067;Total;1.479
Ambos Sexos;0801907068;Total;1.269
Ambos Sexos;0801907069;Total;1.430
Ambos Sexos;0801907070;Total;1.418
Ambos Sexos;0801907071;Total;1.365
Ambos Sexos;0801907072;Total;1.342
Ambos Sexos;0801907073;Total;1.118
Ambos Sexos;0801907074;Total;1.676
Ambos Sexos;0801907075;Total;1.238
Ambos Sexos;0801907076;Total;1.328
Ambos Sexos;0801907077;Total;1.352
Ambos Sexos;0801907078;Total;1.364
Ambos Sexos;0801907079;Total;1.352
Ambos Sexos;0801907080;Total;1.758
Ambos Sexos;0801907081;Total;1.945
Ambos Sexos;0801907082;Total;1.242
Ambos Sexos;0801907083;Total;1.277
Ambos Sexos;0801907084;Total;1.276
Ambos Sexos;0801907085;Total;1.271
Ambos Sexos;0801907086;Total;1.462
Ambos Sexos;0801907087;Total;1.575
Ambos Sexos;0801907088;Total;1.571
Ambos Sexos;0801907089;Total;1.346
Ambos Sexos;0801907090;Total;1.416
Ambos Sexos;0801907091;Total;1.151
Ambos Sexos;0801907092;Total;1.357
Ambos Sexos;0801907093;Total;1.584
Ambos Sexos;0801907094;Total;1.263
Ambos Sexos;0801907095;Total;1.515
Ambos Sexos;0801907096;Total;1.407
Ambos Sexos;0801907097;Total;917
Ambos Sexos;0801907098;Total;2.138
Ambos Sexos;0801907099;Total;1.085
Ambos Sexos;0801907100;Total;1.184
Ambos Sexos;0801907101;Total;1.377
Ambos Sexos;0801907102;Total;610
Ambos Sexos;0801907103;Total;1.538
Ambos Sexos;0801907104;Total;1.602
Ambos Sexos;0801907105;Total;1.084
Ambos Sexos;0801907106;Total;1.195
Ambos Sexos;0801907107;Total;1.247
Ambos Sexos;0801907108;Total;1.217
Ambos Sexos;0801907109;Total;1.632
Ambos Sexos;0801907110;Total;1.053
Ambos Sexos;0801907111;Total;886
Ambos Sexos;0801907112;Total;1.245
Ambos Sexos;0801907113;Total;1.195
Ambos Sexos;0801907114;Total;1.158
Ambos Sexos;0801907115;Total;1.103
Ambos Sexos;0801907116;Total;1.463
Ambos Sexos;0801907117;Total;1.566
Ambos Sexos;0801907118;Total;1.223
Ambos Sexos;0801907119;Total;1.195
Ambos Sexos;0801907120;Total;1.215
Ambos Sexos;0801907121;Total;1.175
Ambos Sexos;0801907122;Total;1.333
Ambos Sexos;0801907123;Total;1.390
Ambos Sexos;0801908001;Total;1.281
Ambos Sexos;0801908002;Total;1.233
Ambos Sexos;0801908003;Total;1.233
Ambos Sexos;0801908004;Total;1.435
Ambos Sexos;0801908005;Total;1.150
Ambos Sexos;0801908006;Total;1.498
Ambos Sexos;0801908007;Total;1.195
Ambos Sexos;0801908008;Total;1.589
Ambos Sexos;0801908009;Total;1.672
Ambos Sexos;0801908010;Total;1.113
Ambos Sexos;0801908011;Total;1.195
Ambos Sexos;0801908012;Total;1.337
Ambos Sexos;0801908013;Total;1.185
Ambos Sexos;0801908014;Total;1.213
Ambos Sexos;0801908015;Total;1.409
Ambos Sexos;0801908016;Total;1.146
Ambos Sexos;0801908017;Total;1.368
Ambos Sexos;0801908018;Total;1.544
Ambos Sexos;0801908019;Total;1.795
Ambos Sexos;0801908020;Total;1.300
Ambos Sexos;0801908021;Total;1.458
Ambos Sexos;0801908022;Total;1.224
Ambos Sexos;0801908023;Total;1.347
Ambos Sexos;0801908024;Total;1.394
Ambos Sexos;0801908025;Total;1.190
Ambos Sexos;0801908026;Total;1.418
Ambos Sexos;0801908027;Total;1.285
Ambos Sexos;0801908028;Total;1.093
Ambos Sexos;0801908029;Total;1.521
Ambos Sexos;0801908030;Total;1.510
Ambos Sexos;0801908031;Total;1.312
Ambos Sexos;0801908032;Total;1.295
Ambos Sexos;0801908033;Total;1.457
Ambos Sexos;0801908034;Total;1.201
Ambos Sexos;0801908035;Total;2.000
Ambos Sexos;0801908036;Total;1.489
Ambos Sexos;0801908037;Total;1.506
Ambos Sexos;0801908038;Total;1.466
Ambos Sexos;0801908039;Total;1.522
Ambos Sexos;0801908040;Total;1.641
Ambos Sexos;0801908041;Total;2.349
Ambos Sexos;0801908042;Total;1.275
Ambos Sexos;0801908043;Total;1.154
Ambos Sexos;0801908044;Total;1.383
Ambos Sexos;0801908045;Total;1.729
Ambos Sexos;0801908046;Total;1.374
Ambos Sexos;0801908047;Total;1.574
Ambos Sexos;0801908048;Total;1.013
Ambos Sexos;0801908049;Total;1.258
Ambos Sexos;0801908050;Total;1.412
Ambos Sexos;0801908051;Total;1.353
Ambos Sexos;0801908052;Total;903
Ambos Sexos;0801908053;Total;1.174
Ambos Sexos;0801908054;Total;1.692
Ambos Sexos;0801908055;Total;1.867
Ambos Sexos;0801908056;Total;1.479
Ambos Sexos;0801908057;Total;1.328
Ambos Sexos;0801908058;Total;1.598
Ambos Sexos;0801908059;Total;962
Ambos Sexos;0801908060;Total;1.174
Ambos Sexos;0801908061;Total;1.668
Ambos Sexos;0801908062;Total;1.169
Ambos Sexos;0801908063;Total;1.100
Ambos Sexos;0801908064;Total;1.745
Ambos Sexos;0801908065;Total;1.681
Ambos Sexos;0801908066;Total;1.538
Ambos Sexos;0801908067;Total;1.695
Ambos Sexos;0801908068;Total;1.795
Ambos Sexos;0801908069;Total;1.487
Ambos Sexos;0801908070;Total;1.410
Ambos Sexos;0801908071;Total;1.641
Ambos Sexos;0801908072;Total;1.211
Ambos Sexos;0801908073;Total;1.728
Ambos Sexos;0801908074;Total;1.404
Ambos Sexos;0801908075;Total;1.861
Ambos Sexos;0801908076;Total;1.547
Ambos Sexos;0801908077;Total;1.390
Ambos Sexos;0801908078;Total;1.514
Ambos Sexos;0801908079;Total;1.411
Ambos Sexos;0801908080;Total;1.470
Ambos Sexos;0801908081;Total;1.604
Ambos Sexos;0801908082;Total;1.556
Ambos Sexos;0801908083;Total;1.295
Ambos Sexos;0801908084;Total;1.169
Ambos Sexos;0801908085;Total;1.427
Ambos Sexos;0801908086;Total;1.687
Ambos Sexos;0801908087;Total;1.227
Ambos Sexos;0801908088;Total;1.274
Ambos Sexos;0801908089;Total;1.257
Ambos Sexos;0801908090;Total;1.221
Ambos Sexos;0801908091;Total;1.180
Ambos Sexos;0801908092;Total;1.004
Ambos Sexos;0801908093;Total;1.240
Ambos Sexos;0801908094;Total;1.483
Ambos Sexos;0801908095;Total;1.094
Ambos Sexos;0801908096;Total;1.455
Ambos Sexos;0801908097;Total;1.338
Ambos Sexos;0801908098;Total;1.221
Ambos Sexos;0801908099;Total;1.331
Ambos Sexos;0801908100;Total;1.251
Ambos Sexos;0801908101;Total;1.708
Ambos Sexos;0801908102;Total;1.527
Ambos Sexos;0801908103;Total;1.533
Ambos Sexos;0801908104;Total;1.229
Ambos Sexos;0801908105;Total;1.524
Ambos Sexos;0801908106;Total;1.190
Ambos Sexos;0801908107;Total;1.785
Ambos Sexos;0801908108;Total;1.869
Ambos Sexos;0801908109;Total;987
Ambos Sexos;0801908110;Total;1.880
Ambos Sexos;0801908111;Total;1.589
Ambos Sexos;0801908112;Total;1.669
Ambos Sexos;0801908113;Total;1.725
Ambos Sexos;0801908114;Total;1.839
Ambos Sexos;0801908115;Total;1.640
Ambos Sexos;0801908116;Total;1.372
Ambos Sexos;0801908215;Total;1.463
Ambos Sexos;0801909001;Total;2.563
Ambos Sexos;0801909002;Total;2.103
Ambos Sexos;0801909003;Total;2.092
Ambos Sexos;0801909004;Total;1.641
Ambos Sexos;0801909005;Total;1.584
Ambos Sexos;0801909006;Total;1.238
Ambos Sexos;0801909007;Total;1.301
Ambos Sexos;0801909008;Total;1.925
Ambos Sexos;0801909009;Total;1.434
Ambos Sexos;0801909010;Total;1.782
Ambos Sexos;0801909011;Total;1.735
Ambos Sexos;0801909013;Total;1.889
Ambos Sexos;0801909014;Total;2.002
Ambos Sexos;0801909015;Total;1.793
Ambos Sexos;0801909016;Total;1.371
Ambos Sexos;0801909017;Total;1.502
Ambos Sexos;0801909018;Total;1.477
Ambos Sexos;0801909019;Total;2.442
Ambos Sexos;0801909020;Total;1.125
Ambos Sexos;0801909021;Total;1.365
Ambos Sexos;0801909022;Total;1.193
Ambos Sexos;0801909023;Total;1.215
Ambos Sexos;0801909024;Total;1.138
Ambos Sexos;0801909025;Total;1.163
Ambos Sexos;0801909026;Total;1.533
Ambos Sexos;0801909027;Total;1.337
Ambos Sexos;0801909028;Total;1.635
Ambos Sexos;0801909029;Total;1.144
Ambos Sexos;0801909030;Total;1.503
Ambos Sexos;0801909031;Total;1.172
Ambos Sexos;0801909032;Total;2.141
Ambos Sexos;0801909033;Total;3.213
Ambos Sexos;0801909034;Total;1.401
Ambos Sexos;0801909035;Total;1.541
Ambos Sexos;0801909036;Total;1.418
Ambos Sexos;0801909037;Total;1.435
Ambos Sexos;0801909038;Total;1.576
Ambos Sexos;0801909039;Total;1.548
Ambos Sexos;0801909040;Total;1.524
Ambos Sexos;0801909041;Total;1.426
Ambos Sexos;0801909042;Total;1.234
Ambos Sexos;0801909043;Total;1.338
Ambos Sexos;0801909044;Total;1.471
Ambos Sexos;0801909045;Total;1.425
Ambos Sexos;0801909046;Total;1.297
Ambos Sexos;0801909047;Total;1.524
Ambos Sexos;0801909048;Total;1.424
Ambos Sexos;0801909049;Total;1.286
Ambos Sexos;0801909050;Total;1.552
Ambos Sexos;0801909051;Total;1.214
Ambos Sexos;0801909052;Total;1.174
Ambos Sexos;0801909053;Total;1.583
Ambos Sexos;0801909054;Total;1.123
Ambos Sexos;0801909055;Total;1.731
Ambos Sexos;0801909056;Total;1.141
Ambos Sexos;0801909057;Total;1.536
Ambos Sexos;0801909058;Total;1.505
Ambos Sexos;0801909059;Total;1.393
Ambos Sexos;0801909060;Total;1.349
Ambos Sexos;0801909061;Total;1.703
Ambos Sexos;0801909062;Total;1.106
Ambos Sexos;0801909063;Total;1.130
Ambos Sexos;0801909064;Total;1.203
Ambos Sexos;0801909065;Total;2.041
Ambos Sexos;0801909066;Total;1.422
Ambos Sexos;0801909067;Total;1.450
Ambos Sexos;0801909068;Total;1.555
Ambos Sexos;0801909069;Total;920
Ambos Sexos;0801909070;Total;1.763
Ambos Sexos;0801909071;Total;1.860
Ambos Sexos;0801909072;Total;1.464
Ambos Sexos;0801909073;Total;1.547
Ambos Sexos;0801909074;Total;1.599
Ambos Sexos;0801909075;Total;1.476
Ambos Sexos;0801909076;Total;1.407
Ambos Sexos;0801909077;Total;1.582
Ambos Sexos;0801909078;Total;1.457
Ambos Sexos;0801909079;Total;1.573
Ambos Sexos;0801909080;Total;1.314
Ambos Sexos;0801909081;Total;1.776
Ambos Sexos;0801909082;Total;1.932
Ambos Sexos;0801909083;Total;1.636
Ambos Sexos;0801909084;Total;1.731
Ambos Sexos;0801909085;Total;1.682
Ambos Sexos;0801909086;Total;1.448
Ambos Sexos;0801909087;Total;1.273
Ambos Sexos;0801909088;Total;1.979
Ambos Sexos;0801909089;Total;1.470
Ambos Sexos;0801909090;Total;1.606
Ambos Sexos;0801909091;Total;1.858
Ambos Sexos;0801909092;Total;1.925
Ambos Sexos;0801909093;Total;1.330
Ambos Sexos;0801909094;Total;2.074
Ambos Sexos;0801909095;Total;2.117
Ambos Sexos;0801909156;Total;1.265
Ambos Sexos;0801910001;Total;1.605
Ambos Sexos;0801910002;Total;1.738
Ambos Sexos;0801910003;Total;1.598
Ambos Sexos;0801910004;Total;1.517
Ambos Sexos;0801910005;Total;1.596
Ambos Sexos;0801910006;Total;1.751
Ambos Sexos;0801910007;Total;1.324
Ambos Sexos;0801910008;Total;1.695
Ambos Sexos;0801910009;Total;1.555
Ambos Sexos;0801910010;Total;1.682
Ambos Sexos;0801910011;Total;1.201
Ambos Sexos;0801910012;Total;1.879
Ambos Sexos;0801910013;Total;1.365
Ambos Sexos;0801910014;Total;1.416
Ambos Sexos;0801910015;Total;1.839
Ambos Sexos;0801910016;Total;1.286
Ambos Sexos;0801910017;Total;1.725
Ambos Sexos;0801910018;Total;1.394
Ambos Sexos;0801910019;Total;1.638
Ambos Sexos;0801910020;Total;1.471
Ambos Sexos;0801910021;Total;1.315
Ambos Sexos;0801910022;Total;1.288
Ambos Sexos;0801910023;Total;1.455
Ambos Sexos;0801910024;Total;1.472
Ambos Sexos;0801910025;Total;1.363
Ambos Sexos;0801910026;Total;1.505
Ambos Sexos;0801910027;Total;1.552
Ambos Sexos;0801910028;Total;1.797
Ambos Sexos;0801910029;Total;1.502
Ambos Sexos;0801910030;Total;1.753
Ambos Sexos;0801910031;Total;1.556
Ambos Sexos;0801910032;Total;1.450
Ambos Sexos;0801910033;Total;889
Ambos Sexos;0801910034;Total;1.743
Ambos Sexos;0801910035;Total;2.010
Ambos Sexos;0801910036;Total;1.468
Ambos Sexos;0801910037;Total;1.059
Ambos Sexos;0801910038;Total;1.616
Ambos Sexos;0801910039;Total;1.779
Ambos Sexos;0801910040;Total;1.912
Ambos Sexos;0801910041;Total;1.570
Ambos Sexos;0801910042;Total;2.548
Ambos Sexos;0801910043;Total;2.125
Ambos Sexos;0801910044;Total;1.527
Ambos Sexos;0801910045;Total;1.277
Ambos Sexos;0801910046;Total;1.242
Ambos Sexos;0801910047;Total;1.902
Ambos Sexos;0801910048;Total;1.626
Ambos Sexos;0801910049;Total;1.273
Ambos Sexos;0801910050;Total;1.614
Ambos Sexos;0801910051;Total;1.577
Ambos Sexos;0801910052;Total;2.366
Ambos Sexos;0801910053;Total;1.786
Ambos Sexos;0801910054;Total;987
Ambos Sexos;0801910055;Total;2.651
Ambos Sexos;0801910056;Total;1.904
Ambos Sexos;0801910057;Total;1.372
Ambos Sexos;0801910058;Total;1.156
Ambos Sexos;0801910059;Total;1.687
Ambos Sexos;0801910060;Total;1.581
Ambos Sexos;0801910061;Total;1.822
Ambos Sexos;0801910062;Total;1.512
Ambos Sexos;0801910063;Total;1.223
Ambos Sexos;0801910064;Total;1.725
Ambos Sexos;0801910065;Total;1.605
Ambos Sexos;0801910066;Total;2.163
Ambos Sexos;0801910067;Total;1.970
Ambos Sexos;0801910068;Total;1.621
Ambos Sexos;0801910069;Total;2.270
Ambos Sexos;0801910070;Total;1.674
Ambos Sexos;0801910071;Total;1.824
Ambos Sexos;0801910072;Total;2.038
Ambos Sexos;0801910073;Total;1.510
Ambos Sexos;0801910074;Total;1.683
Ambos Sexos;0801910075;Total;1.503
Ambos Sexos;0801910076;Total;2.137
Ambos Sexos;0801910077;Total;1.903
Ambos Sexos;0801910078;Total;2.374
Ambos Sexos;0801910079;Total;1.773
Ambos Sexos;0801910080;Total;2.471
Ambos Sexos;0801910081;Total;1.950
Ambos Sexos;0801910082;Total;1.883
Ambos Sexos;0801910083;Total;2.172
Ambos Sexos;0801910084;Total;1.568
Ambos Sexos;0801910085;Total;2.066
Ambos Sexos;0801910086;Total;1.966
Ambos Sexos;0801910087;Total;1.728
Ambos Sexos;0801910088;Total;1.631
Ambos Sexos;0801910089;Total;2.102
Ambos Sexos;0801910090;Total;1.415
Ambos Sexos;0801910091;Total;1.961
Ambos Sexos;0801910092;Total;1.491
Ambos Sexos;0801910093;Total;1.076
Ambos Sexos;0801910094;Total;2.785
Ambos Sexos;0801910095;Total;1.306
Ambos Sexos;0801910096;Total;1.602
Ambos Sexos;0801910097;Total;1.567
Ambos Sexos;0801910098;Total;1.860
Ambos Sexos;0801910099;Total;1.110
Ambos Sexos;0801910100;Total;1.601
Ambos Sexos;0801910101;Total;1.520
Ambos Sexos;0801910102;Total;2.553
Ambos Sexos;0801910103;Total;2.181
Ambos Sexos;0801910104;Total;1.648
Ambos Sexos;0801910105;Total;2.253
Ambos Sexos;0801910106;Total;1.007
Ambos Sexos;0801910107;Total;1.602
Ambos Sexos;0801910108;Total;1.315
Ambos Sexos;0801910109;Total;1.543
Ambos Sexos;0801910110;Total;1.630
Ambos Sexos;0801910111;Total;1.274
Ambos Sexos;0801910112;Total;1.552
Ambos Sexos;0801910113;Total;1.192
Ambos Sexos;0801910114;Total;1.406
Ambos Sexos;0801910115;Total;1.531
Ambos Sexos;0801910116;Total;1.853
Ambos Sexos;0801910117;Total;1.282
Ambos Sexos;0801910118;Total;1.016
Ambos Sexos;0801910119;Total;1.126
Ambos Sexos;0801910120;Total;1.467
Ambos Sexos;0801910121;Total;1.575
Ambos Sexos;0801910122;Total;1.522
Ambos Sexos;0801910123;Total;1.400
Ambos Sexos;0801910124;Total;1.099
Ambos Sexos;0801910125;Total;1.117
Ambos Sexos;0801910126;Total;1.067
Ambos Sexos;0801910127;Total;1.017
Ambos Sexos;0801910128;Total;1.576
Ambos Sexos;0801910129;Total;1.213
Ambos Sexos;0801910130;Total;1.177
Ambos Sexos;0801910131;Total;1.196
Ambos Sexos;0801910132;Total;1.266
Ambos Sexos;0801910133;Total;1.700
Ambos Sexos;0801910134;Total;1.522
Ambos Sexos;0801910135;Total;1.224
Ambos Sexos;0801910136;Total;1.368
Ambos Sexos;0801910137;Total;1.567
Ambos Sexos;0801910138;Total;1.540
Ambos Sexos;0801910139;Total;1.617
Ambos Sexos;0801910140;Total;1.571
Ambos Sexos;0801910141;Total;1.099
Ambos Sexos;0801910142;Total;1.612
Ambos Sexos;0801910143;Total;1.743
Ambos Sexos;0801910234;Total;1.878
Ambos Sexos;0801910235;Total;1.339
Ambos Sexos;0801910236;Total;1.632
Ambos Sexos;0801910237;Total;754
